{
    "values": [
        {
            "id": "minecraft:arrow",
            "required": false
        },
        {
            "id": "minecraft:experience_orb",
            "required": false
        },
        {
            "id": "minecraft:frog",
            "required": false
        },
        {
            "id": "minecraft:glow_item_frame",
            "required": false
        },
        {
            "id": "minecraft:item_frame",
            "required": false
        },
        {
            "id": "minecraft:painting",
            "required": false
        },
        {
            "id": "minecraft:spectral_arrow",
            "required": false
        },
        {
            "id": "minecraft:trident",
            "required": false
        }
    ]
}