{
    "values": [
        {
            "id": "minecraft:acacia_wall_hanging_sign",
            "required": false
        },
        {
            "id": "minecraft:bamboo_wall_hanging_sign",
            "required": false
        },
        {
            "id": "minecraft:birch_wall_hanging_sign",
            "required": false
        },
        {
            "id": "minecraft:cherry_wall_hanging_sign",
            "required": false
        },
        {
            "id": "minecraft:crimson_wall_hanging_sign",
            "required": false
        },
        {
            "id": "minecraft:dark_oak_wall_hanging_sign",
            "required": false
        },
        {
            "id": "minecraft:jungle_wall_hanging_sign",
            "required": false
        },
        {
            "id": "minecraft:mangrove_wall_hanging_sign",
            "required": false
        },
        {
            "id": "minecraft:oak_wall_hanging_sign",
            "required": false
        },
        {
            "id": "minecraft:pale_oak_wall_hanging_sign",
            "required": false
        },
        {
            "id": "minecraft:spruce_wall_hanging_sign",
            "required": false
        },
        {
            "id": "minecraft:warped_wall_hanging_sign",
            "required": false
        }
    ]
}