{
    "values": [
        {
            "id": "minecraft:acacia_trapdoor",
            "required": false
        },
        {
            "id": "minecraft:bamboo_trapdoor",
            "required": false
        },
        {
            "id": "minecraft:birch_trapdoor",
            "required": false
        },
        {
            "id": "minecraft:cherry_trapdoor",
            "required": false
        },
        {
            "id": "minecraft:copper_trapdoor",
            "required": false
        },
        {
            "id": "minecraft:crimson_trapdoor",
            "required": false
        },
        {
            "id": "minecraft:dark_oak_trapdoor",
            "required": false
        },
        {
            "id": "minecraft:exposed_copper_trapdoor",
            "required": false
        },
        {
            "id": "minecraft:iron_trapdoor",
            "required": false
        },
        {
            "id": "minecraft:jungle_trapdoor",
            "required": false
        },
        {
            "id": "minecraft:mangrove_trapdoor",
            "required": false
        },
        {
            "id": "minecraft:oak_trapdoor",
            "required": false
        },
        {
            "id": "minecraft:oxidized_copper_trapdoor",
            "required": false
        },
        {
            "id": "minecraft:pale_oak_trapdoor",
            "required": false
        },
        {
            "id": "minecraft:spruce_trapdoor",
            "required": false
        },
        {
            "id": "minecraft:warped_trapdoor",
            "required": false
        },
        {
            "id": "minecraft:waxed_copper_trapdoor",
            "required": false
        },
        {
            "id": "minecraft:waxed_exposed_copper_trapdoor",
            "required": false
        },
        {
            "id": "minecraft:waxed_oxidized_copper_trapdoor",
            "required": false
        },
        {
            "id": "minecraft:waxed_weathered_copper_trapdoor",
            "required": false
        },
        {
            "id": "minecraft:weathered_copper_trapdoor",
            "required": false
        }
    ]
}