{
    "values": [
        {
            "id": "minecraft:acacia_button",
            "required": false
        },
        {
            "id": "minecraft:bamboo_button",
            "required": false
        },
        {
            "id": "minecraft:birch_button",
            "required": false
        },
        {
            "id": "minecraft:cherry_button",
            "required": false
        },
        {
            "id": "minecraft:crimson_button",
            "required": false
        },
        {
            "id": "minecraft:dark_oak_button",
            "required": false
        },
        {
            "id": "minecraft:jungle_button",
            "required": false
        },
        {
            "id": "minecraft:mangrove_button",
            "required": false
        },
        {
            "id": "minecraft:oak_button",
            "required": false
        },
        {
            "id": "minecraft:pale_oak_button",
            "required": false
        },
        {
            "id": "minecraft:polished_blackstone_button",
            "required": false
        },
        {
            "id": "minecraft:spruce_button",
            "required": false
        },
        {
            "id": "minecraft:stone_button",
            "required": false
        },
        {
            "id": "minecraft:warped_button",
            "required": false
        }
    ]
}