{
    "values": [
        {
            "id": "minecraft:acacia_fence",
            "required": false
        },
        {
            "id": "minecraft:bamboo_fence",
            "required": false
        },
        {
            "id": "minecraft:birch_fence",
            "required": false
        },
        {
            "id": "minecraft:cherry_fence",
            "required": false
        },
        {
            "id": "minecraft:crimson_fence",
            "required": false
        },
        {
            "id": "minecraft:dark_oak_fence",
            "required": false
        },
        {
            "id": "minecraft:jungle_fence",
            "required": false
        },
        {
            "id": "minecraft:mangrove_fence",
            "required": false
        },
        {
            "id": "minecraft:nether_brick_fence",
            "required": false
        },
        {
            "id": "minecraft:oak_fence",
            "required": false
        },
        {
            "id": "minecraft:pale_oak_fence",
            "required": false
        },
        {
            "id": "minecraft:spruce_fence",
            "required": false
        },
        {
            "id": "minecraft:warped_fence",
            "required": false
        }
    ]
}