{
    "values": [
        {
            "id": "#iris:shape_groups/acacia_boat",
            "required": false
        },
        {
            "id": "minecraft:allay",
            "required": false
        },
        {
            "id": "minecraft:area_effect_cloud",
            "required": false
        },
        {
            "id": "minecraft:armadillo",
            "required": false
        },
        {
            "id": "#iris:shape_groups/arrow",
            "required": false
        },
        {
            "id": "minecraft:axolotl",
            "required": false
        },
        {
            "id": "#iris:shape_groups/bat",
            "required": false
        },
        {
            "id": "minecraft:bee",
            "required": false
        },
        {
            "id": "minecraft:blaze",
            "required": false
        },
        {
            "id": "#iris:shape_groups/bogged",
            "required": false
        },
        {
            "id": "minecraft:breeze",
            "required": false
        },
        {
            "id": "#iris:shape_groups/breeze_wind_charge",
            "required": false
        }
    ]
}