{
    "values": [
        {
            "id": "minecraft:camel",
            "required": false
        },
        {
            "id": "#iris:shape_groups/cat",
            "required": false
        },
        {
            "id": "minecraft:cave_spider",
            "required": false
        },
        {
            "id": "#iris:shape_groups/chest_minecart",
            "required": false
        },
        {
            "id": "minecraft:chicken",
            "required": false
        },
        {
            "id": "minecraft:cod",
            "required": false
        },
        {
            "id": "#iris:shape_groups/cow",
            "required": false
        },
        {
            "id": "minecraft:creaking",
            "required": false
        },
        {
            "id": "minecraft:creeper",
            "required": false
        },
        {
            "id": "minecraft:dolphin",
            "required": false
        },
        {
            "id": "minecraft:donkey",
            "required": false
        },
        {
            "id": "#iris:shape_groups/dragon_fireball",
            "required": false
        }
    ]
}