{
  "type": "minecraft:block",
  "pools": [
    {
      "rolls": 1,
      "entries": [
        {
          "type": "minecraft:alternatives",
          "children": [
            {
              "type": "minecraft:dynamic",
              "name": "minecraft:contents",
              "conditions": [
                {
                  "condition": "minecraft:match_tool",
                  "predicate": {
                    "predicates": {
                      "minecraft:custom_data": "{drop_contents:1b}"
                    }
                  }
                }
              ]
            },
            {
              "type": "minecraft:item",
              "name": "minecraft:light_gray_shulker_box",
              "functions": [
                {
                  "function": "minecraft:copy_components",
                  "source": "block_entity",
                  "components": [
                    "minecraft:custom_name",
                    "minecraft:container",
                    "minecraft:lock",
                    "minecraft:container_loot"
                  ]
                }
              ]
            }
          ]
        }
      ]
    }
  ],
  "random_sequence": "minecraft:blocks/light_gray_shulker_box"
}
