{
  "type": "minecraft:multi_action",
  "can_close_with_escape": true,
  "pause": false,
  "after_action": "close",
  "columns": 1,
  "title": "Quick Menu",
  "actions": [
    {
      "label": "Cartographer",
      "width": 100,
      "action": {
        "type": "run_command",
        "command": "/trigger mla.main.trigger set 1"
      }
    },
    {
      "label": "Moonlit Archive",
      "tooltip": "Moonlit Archive (MLA)'s Menus",
      "width": 100,
      "action": {
        "type": "run_command",
        "command": "/trigger mla.main.trigger set 2"
      }
    },
    {
      "label": "\\ Quick > PL /",
      "tooltip": "Quick Access > Placeholders",
      "width": 80,
      "action": {
        "type": "run_command",
        "command": "/trigger mla.main.trigger set 4"
      }
    }
  ]
}